,text,date
0,"Why Qualcomm Could Be a Top AI Stock for 2024.	One of Qualcomm's important customers, Samsung, is leaning into AI hype to kick off the new year.",2024-01-28
1,"Stock Market’s Fate Rests on $10 Trillion in Big Tech Earnings.	(Bloomberg) -- Investors wondering where the S&P 500 is headed, at least for the next month or so, will want to pay attention to three key days this week.Most Read from BloombergSingapore’s $200,000 Toyotas Fuel Angst Over Widening Wealth GapHouthi Hit on Russian Fuel Has Oil Traders Recalculating RisksUS Fires on Houthi Missile Hours After Trafigura Ship AttackGiuliani Lists Yankees Loot, Trump Claim as Assets in BankruptcyChinese Engineers",2024-01-28
2,Forget The Magnificent Seven. Focus On These Fab Five..	Investors put a lot of attention on Nvidia and the rest of the Magnificent Seven. But two of these giants aren't nearly as fabulous.,2024-01-28
3,Wall Street Brunch: Boeing's Call May Overshadow Megacap Earnings And Fed.	Boeing's earnings call and megacap results highlight earnings this week. Bye-bye inverse Cramer ETF. The Osborne Effect may be in play for Tesla.,2024-01-28
4,Meta Welcomes Headset War With Apple.	Company executives optimistic about competition as billions spent have yet to translate into wide consumer adoption.,2024-01-28
5,NUGO: This Growth ETF Still Has To Prove Itself.	Nuveen Growth Opportunities ETF is an actively managed fund with a focus on growth and quality. Find out my recommendation on NUGO fund.,2024-01-28
6,"Chinese police crack down on 'Apple ID loan' rackets, some of which were advertised under Tim Cook's name.	Police in China have arrested more than 40 people in relation to fraudulent schemes that target iPhone users in the country, whereby people give up their personal Apple IDs to obtain a loan, allowing the lenders to abuse their accounts. In a typical example of how the scheme works, borrowers are asked to sign out of their Apple devices and log back in using an Apple ID provided by the lender. If",2024-01-28
7,Rivian Poaches Apple Executive Involved In Early Stages Of Tech Giant's Self-driving Project: Report.	Looking for stock market analysis and research with proves results? Zacks.com offers in-depth financial research with over 30years of proven results.,2024-01-28
8,Nearly 50% of Warren Buffett-Led Berkshire Hathaway's $369 Billion Portfolio Is Invested in Only 1 Stock.	This tech giant has crushed the market in the past several years.,2024-01-28
9,"Earnings week ahead: Microsoft, Apple, Meta, Google, Amazon, Chevron and more.	Looking for stock market analysis and research with proves results? Zacks.com offers in-depth financial research with over 30years of proven results.",2024-01-28
10,"Vision Pro Exceeds Expectations, Banned Apple Watch Feature Saves Teen And More: Top News In Appleverse This Week.	Looking for stock market analysis and research with proves results? Zacks.com offers in-depth financial research with over 30years of proven results.",2024-01-28
11,"Musk Refuting xAI Funding Reports, Biden's AI Project, Apple's New Assistant, Deepfake Threats And More: This Week In AI.	Looking for stock market analysis and research with proves results? Zacks.com offers in-depth financial research with over 30years of proven results.",2024-01-28
12,"Earnings week ahead: Apple, Microsoft compete for title of world's largest company.	After surpassing the $3 Trillion market-cap line last week, stakes are at a high for the Redmond, Washington-based behemoth when it reports quarterly earnings next Tuesday, the 30th.",2024-01-28
